,arch,epoch,val_acc,val_loss,train_acc,train_loss,eval_idx,type,bee_id,itr
0,input|dropout|max_pool3x3|sep5x5_64|sc_1|sep5x5_128|output,1,0.3472,2.466,0.4447,2.4127,0,EmployeeBee,0,1
1,input|dropout|max_pool3x3|sep5x5_64|sc_1|sep5x5_128|output,2,0.4502,2.1224,0.6271,1.0797,0,EmployeeBee,0,1
2,input|dropout|max_pool3x3|sep5x5_64|sc_1|sep5x5_128|output,3,0.5402,2.3379,0.719,0.8171,0,EmployeeBee,0,1
3,input|dropout|max_pool3x3|sep5x5_64|sc_1|sep5x5_128|output,4,0.6425,1.1491,0.7996,0.5967,0,EmployeeBee,0,1
4,input|dropout|max_pool3x3|sep5x5_64|sc_1|sep5x5_128|output,5,0.6569,1.2696,0.8529,0.4379,0,EmployeeBee,0,1
5,input|avg_pool3x3|avg_pool3x3|sep5x5_64|sc_1|sep5x5_128|output,1,0.5515,1.2376,0.4675,1.8139,1,EmployeeBee,1,1
6,input|avg_pool3x3|avg_pool3x3|sep5x5_64|sc_1|sep5x5_128|output,2,0.6644,0.975,0.6465,1.0171,1,EmployeeBee,1,1
7,input|avg_pool3x3|avg_pool3x3|sep5x5_64|sc_1|sep5x5_128|output,3,0.6882,0.918,0.7434,0.7446,1,EmployeeBee,1,1
8,input|avg_pool3x3|avg_pool3x3|sep5x5_64|sc_1|sep5x5_128|output,4,0.6941,0.9264,0.8265,0.5091,1,EmployeeBee,1,1
9,input|avg_pool3x3|avg_pool3x3|sep5x5_64|sc_1|sep5x5_128|output,5,0.6957,1.1271,0.8857,0.338,1,EmployeeBee,1,1
10,input|sc_1|dropout|sc_2|sep5x5_128|max_pool3x3|sc_1|sep3x3_128|output,1,0.4496,1.5341,0.3447,5.2256,2,EmployeeBee,2,1
11,input|sc_1|dropout|sc_2|sep5x5_128|max_pool3x3|sc_1|sep3x3_128|output,2,0.5137,1.5788,0.521,1.3735,2,EmployeeBee,2,1
12,input|sc_1|dropout|sc_2|sep5x5_128|max_pool3x3|sc_1|sep3x3_128|output,3,0.6332,1.0542,0.606,1.1461,2,EmployeeBee,2,1
13,input|sc_1|dropout|sc_2|sep5x5_128|max_pool3x3|sc_1|sep3x3_128|output,4,0.6205,1.5479,0.6637,0.9876,2,EmployeeBee,2,1
14,input|sc_1|dropout|sc_2|sep5x5_128|max_pool3x3|sc_1|sep3x3_128|output,5,0.6426,1.3156,0.7173,0.8425,2,EmployeeBee,2,1
15,input|avg_pool3x3|sep3x3_256|sep5x5_64|sc_1|sep5x5_128|output,1,0.5598,1.2313,0.4227,1.6241,3,OnlookerBee,0,1
16,input|avg_pool3x3|sep3x3_256|sep5x5_64|sc_1|sep5x5_128|output,2,0.6237,1.0918,0.6166,1.0945,3,OnlookerBee,0,1
17,input|avg_pool3x3|sep3x3_256|sep5x5_64|sc_1|sep5x5_128|output,3,0.6585,1.0468,0.714,0.8258,3,OnlookerBee,0,1
18,input|avg_pool3x3|sep3x3_256|sep5x5_64|sc_1|sep5x5_128|output,4,0.7008,0.9027,0.7894,0.6045,3,OnlookerBee,0,1
19,input|avg_pool3x3|sep3x3_256|sep5x5_64|sc_1|sep5x5_128|output,5,0.6901,1.1422,0.8572,0.4203,3,OnlookerBee,0,1
20,input|max_pool3x3|max_pool3x3|sep5x5_64|sc_1|sep5x5_128|output,1,0.5573,1.2732,0.4539,2.1728,4,OnlookerBee,1,1
21,input|max_pool3x3|max_pool3x3|sep5x5_64|sc_1|sep5x5_128|output,2,0.6271,1.105,0.6313,1.0633,4,OnlookerBee,1,1
22,input|max_pool3x3|max_pool3x3|sep5x5_64|sc_1|sep5x5_128|output,3,0.6829,0.9106,0.717,0.8209,4,OnlookerBee,1,1
23,input|max_pool3x3|max_pool3x3|sep5x5_64|sc_1|sep5x5_128|output,4,0.6711,0.9705,0.7916,0.6137,4,OnlookerBee,1,1
24,input|max_pool3x3|max_pool3x3|sep5x5_64|sc_1|sep5x5_128|output,5,0.7052,1.0949,0.8529,0.4349,4,OnlookerBee,1,1
25,input|max_pool3x3|max_pool3x3|sep5x5_256|sc_1|sep5x5_128|output,1,0.5488,1.2839,0.4543,2.1482,5,OnlookerBee,2,1
26,input|max_pool3x3|max_pool3x3|sep5x5_256|sc_1|sep5x5_128|output,2,0.6758,0.9412,0.6682,0.9655,5,OnlookerBee,2,1
27,input|max_pool3x3|max_pool3x3|sep5x5_256|sc_1|sep5x5_128|output,3,0.7106,0.9164,0.7763,0.6593,5,OnlookerBee,2,1
28,input|max_pool3x3|max_pool3x3|sep5x5_256|sc_1|sep5x5_128|output,4,0.7126,0.9202,0.8614,0.4184,5,OnlookerBee,2,1
29,input|max_pool3x3|max_pool3x3|sep5x5_256|sc_1|sep5x5_128|output,5,0.7286,1.1029,0.9103,0.2767,5,OnlookerBee,2,1
30,input|sc_4|dropout|sc_2|sep5x5_128|max_pool3x3|sc_1|sep3x3_128|output,1,0.4605,1.4965,0.3679,3.6087,6,OnlookerBee,3,1
31,input|sc_4|dropout|sc_2|sep5x5_128|max_pool3x3|sc_1|sep3x3_128|output,2,0.5439,1.2973,0.5506,1.3004,6,OnlookerBee,3,1
32,input|sc_4|dropout|sc_2|sep5x5_128|max_pool3x3|sc_1|sep3x3_128|output,3,0.5663,1.2516,0.6551,1.013,6,OnlookerBee,3,1
33,input|sc_4|dropout|sc_2|sep5x5_128|max_pool3x3|sc_1|sep3x3_128|output,4,0.6158,1.1558,0.7351,0.7913,6,OnlookerBee,3,1
34,input|sc_4|dropout|sc_2|sep5x5_128|max_pool3x3|sc_1|sep3x3_128|output,5,0.6324,1.4705,0.7999,0.6129,6,OnlookerBee,3,1
35,input|max_pool3x3|max_pool3x3|sep3x3_64|sc_1|sep5x5_128|output,1,0.5786,1.195,0.4659,2.3599,7,EmployeeBee,0,2
36,input|max_pool3x3|max_pool3x3|sep3x3_64|sc_1|sep5x5_128|output,2,0.6724,0.9436,0.6616,0.9778,7,EmployeeBee,0,2
37,input|max_pool3x3|max_pool3x3|sep3x3_64|sc_1|sep5x5_128|output,3,0.7099,0.8734,0.7592,0.7011,7,EmployeeBee,0,2
38,input|max_pool3x3|max_pool3x3|sep3x3_64|sc_1|sep5x5_128|output,4,0.6814,0.9697,0.8442,0.4546,7,EmployeeBee,0,2
39,input|max_pool3x3|max_pool3x3|sep3x3_64|sc_1|sep5x5_128|output,5,0.701,1.1031,0.9032,0.2913,7,EmployeeBee,0,2
40,input|avg_pool3x3|avg_pool3x3|sep5x5_64|sc_1|sep3x3_64|output,1,0.5075,1.3591,0.4723,1.5489,8,EmployeeBee,1,2
41,input|avg_pool3x3|avg_pool3x3|sep5x5_64|sc_1|sep3x3_64|output,2,0.6439,1.0317,0.6396,1.0262,8,EmployeeBee,1,2
42,input|avg_pool3x3|avg_pool3x3|sep5x5_64|sc_1|sep3x3_64|output,3,0.6601,0.977,0.7424,0.7508,8,EmployeeBee,1,2
43,input|avg_pool3x3|avg_pool3x3|sep5x5_64|sc_1|sep3x3_64|output,4,0.6442,1.1024,0.8279,0.5048,8,EmployeeBee,1,2
44,input|avg_pool3x3|avg_pool3x3|sep5x5_64|sc_1|sep3x3_64|output,5,0.683,1.2486,0.8878,0.3293,8,EmployeeBee,1,2
45,input|avg_pool3x3|avg_pool3x3|sep3x3_128|sc_1|sep5x5_128|output,1,0.6138,1.0996,0.4925,1.5786,9,OnlookerBee,0,2
46,input|avg_pool3x3|avg_pool3x3|sep3x3_128|sc_1|sep5x5_128|output,2,0.6863,0.9216,0.675,0.9361,9,OnlookerBee,0,2
47,input|avg_pool3x3|avg_pool3x3|sep3x3_128|sc_1|sep5x5_128|output,3,0.6867,0.9704,0.7895,0.6116,9,OnlookerBee,0,2
48,input|avg_pool3x3|avg_pool3x3|sep3x3_128|sc_1|sep5x5_128|output,4,0.7002,1.1774,0.8798,0.3552,9,OnlookerBee,0,2
49,input|avg_pool3x3|avg_pool3x3|sep3x3_128|sc_1|sep5x5_128|output,5,0.665,1.2112,0.9218,0.2358,9,OnlookerBee,0,2
50,input|dropout|avg_pool3x3|sep5x5_64|sc_1|sep5x5_128|output,1,0.5132,1.4903,0.4549,1.8424,10,OnlookerBee,1,2
51,input|dropout|avg_pool3x3|sep5x5_64|sc_1|sep5x5_128|output,2,0.6521,1.0575,0.6216,1.0883,10,OnlookerBee,1,2
52,input|dropout|avg_pool3x3|sep5x5_64|sc_1|sep5x5_128|output,3,0.6341,1.1682,0.7056,0.848,10,OnlookerBee,1,2
53,input|dropout|avg_pool3x3|sep5x5_64|sc_1|sep5x5_128|output,4,0.6318,1.3362,0.7805,0.6463,10,OnlookerBee,1,2
54,input|dropout|avg_pool3x3|sep5x5_64|sc_1|sep5x5_128|output,5,0.6492,1.2222,0.832,0.4971,10,OnlookerBee,1,2
55,input|avg_pool3x3|avg_pool3x3|dropout|sc_1|sep5x5_128|output,1,0.4214,1.6157,0.3648,4.0956,11,OnlookerBee,2,2
56,input|avg_pool3x3|avg_pool3x3|dropout|sc_1|sep5x5_128|output,2,0.5683,1.2276,0.5154,1.3927,11,OnlookerBee,2,2
57,input|avg_pool3x3|avg_pool3x3|dropout|sc_1|sep5x5_128|output,3,0.5987,1.1752,0.5883,1.1952,11,OnlookerBee,2,2
58,input|avg_pool3x3|avg_pool3x3|dropout|sc_1|sep5x5_128|output,4,0.6211,1.0619,0.627,1.095,11,OnlookerBee,2,2
59,input|avg_pool3x3|avg_pool3x3|dropout|sc_1|sep5x5_128|output,5,0.6412,1.0178,0.6528,1.0211,11,OnlookerBee,2,2
60,input|sc_1|dropout|sep5x5_128|max_pool3x3|sc_1|sep3x3_128|output,1,0.3167,2.2235,0.3706,3.3048,12,OnlookerBee,3,2
61,input|sc_1|dropout|sep5x5_128|max_pool3x3|sc_1|sep3x3_128|output,2,0.5245,1.467,0.5716,1.2291,12,OnlookerBee,3,2
62,input|sc_1|dropout|sep5x5_128|max_pool3x3|sc_1|sep3x3_128|output,3,0.66,1.0288,0.6633,0.9781,12,OnlookerBee,3,2
63,input|sc_1|dropout|sep5x5_128|max_pool3x3|sc_1|sep3x3_128|output,4,0.6842,0.9356,0.7238,0.8085,12,OnlookerBee,3,2
64,input|sc_1|dropout|sep5x5_128|max_pool3x3|sc_1|sep3x3_128|output,5,0.6898,1.1006,0.7749,0.6622,12,OnlookerBee,3,2
65,input|max_pool3x3|max_pool3x3|sep5x5_256|sep5x5_128|output,1,0.5375,1.2956,0.4473,1.5578,13,EmployeeBee,0,3
66,input|max_pool3x3|max_pool3x3|sep5x5_256|sep5x5_128|output,2,0.6704,0.9654,0.648,1.0158,13,EmployeeBee,0,3
67,input|max_pool3x3|max_pool3x3|sep5x5_256|sep5x5_128|output,3,0.7119,0.8817,0.7391,0.7603,13,EmployeeBee,0,3
68,input|max_pool3x3|max_pool3x3|sep5x5_256|sep5x5_128|output,4,0.7162,0.9952,0.8088,0.5607,13,EmployeeBee,0,3
69,input|max_pool3x3|max_pool3x3|sep5x5_256|sep5x5_128|output,5,0.734,0.9255,0.8607,0.4124,13,EmployeeBee,0,3
70,input|sep3x3_128|sep3x3_64|sc_1|sep3x3_64|sc_1|max_pool3x3|output,1,0.4354,1.612,0.4226,1.652,14,EmployeeBee,1,3
71,input|sep3x3_128|sep3x3_64|sc_1|sep3x3_64|sc_1|max_pool3x3|output,2,0.6529,0.9931,0.6243,1.0705,14,EmployeeBee,1,3
72,input|sep3x3_128|sep3x3_64|sc_1|sep3x3_64|sc_1|max_pool3x3|output,3,0.6795,0.9788,0.7385,0.7539,14,EmployeeBee,1,3
73,input|sep3x3_128|sep3x3_64|sc_1|sep3x3_64|sc_1|max_pool3x3|output,4,0.6789,0.9933,0.8377,0.4698,14,EmployeeBee,1,3
74,input|sep3x3_128|sep3x3_64|sc_1|sep3x3_64|sc_1|max_pool3x3|output,5,0.6984,1.2381,0.9111,0.2624,14,EmployeeBee,1,3
75,input|sc_1|dropout|sep5x5_128|max_pool3x3|sep3x3_128|output,1,0.4919,1.4737,0.4398,1.6112,15,EmployeeBee,2,3
76,input|sc_1|dropout|sep5x5_128|max_pool3x3|sep3x3_128|output,2,0.6324,1.0629,0.6251,1.0683,15,EmployeeBee,2,3
77,input|sc_1|dropout|sep5x5_128|max_pool3x3|sep3x3_128|output,3,0.6712,1.028,0.7161,0.8214,15,EmployeeBee,2,3
78,input|sc_1|dropout|sep5x5_128|max_pool3x3|sep3x3_128|output,4,0.6984,1.0173,0.7879,0.6169,15,EmployeeBee,2,3
79,input|sc_1|dropout|sep5x5_128|max_pool3x3|sep3x3_128|output,5,0.6808,1.4254,0.8481,0.4469,15,EmployeeBee,2,3
80,input|sep3x3_256|sep3x3_64|sc_1|sep3x3_64|sc_1|max_pool3x3|output,1,0.5367,1.2996,0.409,1.6694,16,OnlookerBee,0,3
81,input|sep3x3_256|sep3x3_64|sc_1|sep3x3_64|sc_1|max_pool3x3|output,2,0.6388,1.0394,0.6115,1.1025,16,OnlookerBee,0,3
82,input|sep3x3_256|sep3x3_64|sc_1|sep3x3_64|sc_1|max_pool3x3|output,3,0.6605,1.0483,0.7224,0.793,16,OnlookerBee,0,3
83,input|sep3x3_256|sep3x3_64|sc_1|sep3x3_64|sc_1|max_pool3x3|output,4,0.6889,0.9708,0.8237,0.5123,16,OnlookerBee,0,3
84,input|sep3x3_256|sep3x3_64|sc_1|sep3x3_64|sc_1|max_pool3x3|output,5,0.6933,1.2205,0.8977,0.2985,16,OnlookerBee,0,3
85,input|sep3x3_128|sep3x3_64|sc_1|sep3x3_64|sc_1|avg_pool3x3|output,1,0.5497,1.2619,0.4102,1.6634,17,OnlookerBee,1,3
86,input|sep3x3_128|sep3x3_64|sc_1|sep3x3_64|sc_1|avg_pool3x3|output,2,0.6181,1.065,0.6095,1.1103,17,OnlookerBee,1,3
87,input|sep3x3_128|sep3x3_64|sc_1|sep3x3_64|sc_1|avg_pool3x3|output,3,0.655,1.0008,0.7152,0.8178,17,OnlookerBee,1,3
88,input|sep3x3_128|sep3x3_64|sc_1|sep3x3_64|sc_1|avg_pool3x3|output,4,0.6764,0.9489,0.8036,0.5629,17,OnlookerBee,1,3
89,input|sep3x3_128|sep3x3_64|sc_1|sep3x3_64|sc_1|avg_pool3x3|output,5,0.706,1.2545,0.8829,0.3456,17,OnlookerBee,1,3
90,input|sep3x3_128|sep5x5_64|sc_1|sep3x3_64|sc_1|avg_pool3x3|output,1,0.536,1.3189,0.4089,1.6756,18,OnlookerBee,2,3
91,input|sep3x3_128|sep5x5_64|sc_1|sep3x3_64|sc_1|avg_pool3x3|output,2,0.639,1.0229,0.6111,1.1074,18,OnlookerBee,2,3
92,input|sep3x3_128|sep5x5_64|sc_1|sep3x3_64|sc_1|avg_pool3x3|output,3,0.6861,0.9277,0.708,0.8395,18,OnlookerBee,2,3
93,input|sep3x3_128|sep5x5_64|sc_1|sep3x3_64|sc_1|avg_pool3x3|output,4,0.6928,0.9225,0.7865,0.6189,18,OnlookerBee,2,3
94,input|sep3x3_128|sep5x5_64|sc_1|sep3x3_64|sc_1|avg_pool3x3|output,5,0.7272,1.0009,0.8556,0.4218,18,OnlookerBee,2,3
95,input|max_pool3x3|max_pool3x3|sep5x5_64|sep5x5_128|output,1,0.5941,1.1896,0.4673,1.5301,19,OnlookerBee,3,3
96,input|max_pool3x3|max_pool3x3|sep5x5_64|sep5x5_128|output,2,0.6522,0.998,0.6597,0.9813,19,OnlookerBee,3,3
97,input|max_pool3x3|max_pool3x3|sep5x5_64|sep5x5_128|output,3,0.6712,0.9729,0.7456,0.738,19,OnlookerBee,3,3
98,input|max_pool3x3|max_pool3x3|sep5x5_64|sep5x5_128|output,4,0.7147,0.8851,0.8084,0.5568,19,OnlookerBee,3,3
99,input|max_pool3x3|max_pool3x3|sep5x5_64|sep5x5_128|output,5,0.7333,0.8697,0.862,0.3992,19,OnlookerBee,3,3
100,input|sep3x3_256|sc_3|batch_norm|sep5x5_64|sep3x3_128|output,1,0.4487,1.5946,0.4833,1.7212,20,EmployeeBee,0,4
101,input|sep3x3_256|sc_3|batch_norm|sep5x5_64|sep3x3_128|output,2,0.6915,0.8835,0.7075,0.8427,20,EmployeeBee,0,4
102,input|sep3x3_256|sc_3|batch_norm|sep5x5_64|sep3x3_128|output,3,0.6849,1.0625,0.8589,0.4126,20,EmployeeBee,0,4
103,input|sep3x3_256|sc_3|batch_norm|sep5x5_64|sep3x3_128|output,4,0.6851,1.3725,0.9387,0.1876,20,EmployeeBee,0,4
104,input|sep3x3_256|sc_3|batch_norm|sep5x5_64|sep3x3_128|output,5,0.679,1.373,0.9584,0.1281,20,EmployeeBee,0,4
105,input|sep3x3_128|dropout|sc_1|sep3x3_64|sc_1|avg_pool3x3|output,1,0.5084,1.386,0.4675,1.7376,21,EmployeeBee,1,4
106,input|sep3x3_128|dropout|sc_1|sep3x3_64|sc_1|avg_pool3x3|output,2,0.6697,0.9326,0.6493,1.0056,21,EmployeeBee,1,4
107,input|sep3x3_128|dropout|sc_1|sep3x3_64|sc_1|avg_pool3x3|output,3,0.6908,0.9234,0.7568,0.7118,21,EmployeeBee,1,4
108,input|sep3x3_128|dropout|sc_1|sep3x3_64|sc_1|avg_pool3x3|output,4,0.6831,0.9761,0.8333,0.4859,21,EmployeeBee,1,4
109,input|sep3x3_128|dropout|sc_1|sep3x3_64|sc_1|avg_pool3x3|output,5,0.6911,0.9976,0.8864,0.3399,21,EmployeeBee,1,4
110,input|sc_1|dropout|sep3x3_128|max_pool3x3|sc_1|sep3x3_128|output,1,0.3743,2.4709,0.392,3.1777,22,EmployeeBee,2,4
111,input|sc_1|dropout|sep3x3_128|max_pool3x3|sc_1|sep3x3_128|output,2,0.5477,1.4868,0.597,1.1585,22,EmployeeBee,2,4
112,input|sc_1|dropout|sep3x3_128|max_pool3x3|sc_1|sep3x3_128|output,3,0.6567,1.116,0.6919,0.8953,22,EmployeeBee,2,4
113,input|sc_1|dropout|sep3x3_128|max_pool3x3|sc_1|sep3x3_128|output,4,0.6872,0.9706,0.7572,0.707,22,EmployeeBee,2,4
114,input|sc_1|dropout|sep3x3_128|max_pool3x3|sc_1|sep3x3_128|output,5,0.6787,1.1028,0.8144,0.5428,22,EmployeeBee,2,4
115,input|sep3x3_256|sc_3|batch_norm|sep5x5_128|sep3x3_128|output,1,0.4944,1.4458,0.4952,1.6436,23,OnlookerBee,0,4
116,input|sep3x3_256|sc_3|batch_norm|sep5x5_128|sep3x3_128|output,2,0.6853,0.9441,0.724,0.7991,23,OnlookerBee,0,4
117,input|sep3x3_256|sc_3|batch_norm|sep5x5_128|sep3x3_128|output,3,0.651,1.2449,0.8838,0.3458,23,OnlookerBee,0,4
118,input|sep3x3_256|sc_3|batch_norm|sep5x5_128|sep3x3_128|output,4,0.6832,1.3287,0.9488,0.158,23,OnlookerBee,0,4
119,input|sep3x3_256|sc_3|batch_norm|sep5x5_128|sep3x3_128|output,5,0.694,1.9087,0.9623,0.1193,23,OnlookerBee,0,4
120,input|sc_1|dropout|sep5x5_128|max_pool3x3|sc_1|sep3x3_64|output,1,0.3935,1.8047,0.4082,2.2882,24,OnlookerBee,1,4
121,input|sc_1|dropout|sep5x5_128|max_pool3x3|sc_1|sep3x3_64|output,2,0.5381,1.3929,0.5909,1.1758,24,OnlookerBee,1,4
122,input|sc_1|dropout|sep5x5_128|max_pool3x3|sc_1|sep3x3_64|output,3,0.6695,0.9559,0.6795,0.9318,24,OnlookerBee,1,4
123,input|sc_1|dropout|sep5x5_128|max_pool3x3|sc_1|sep3x3_64|output,4,0.6818,0.9763,0.7421,0.7511,24,OnlookerBee,1,4
124,input|sc_1|dropout|sep5x5_128|max_pool3x3|sc_1|sep3x3_64|output,5,0.6799,1.1513,0.7963,0.596,24,OnlookerBee,1,4
125,input|dropout|sep5x5_128|max_pool3x3|sc_1|sep3x3_128|output,1,0.2411,3.11,0.3896,2.6526,25,OnlookerBee,2,4
126,input|dropout|sep5x5_128|max_pool3x3|sc_1|sep3x3_128|output,2,0.4072,2.3521,0.5664,1.2307,25,OnlookerBee,2,4
127,input|dropout|sep5x5_128|max_pool3x3|sc_1|sep3x3_128|output,3,0.4924,1.7472,0.6485,1.0148,25,OnlookerBee,2,4
128,input|dropout|sep5x5_128|max_pool3x3|sc_1|sep3x3_128|output,4,0.5466,1.5421,0.6981,0.8721,25,OnlookerBee,2,4
129,input|dropout|sep5x5_128|max_pool3x3|sc_1|sep3x3_128|output,5,0.5994,1.972,0.7366,0.7694,25,OnlookerBee,2,4
130,input|sep3x3_128|sep5x5_64|sc_1|sep3x3_64|sc_1|sep5x5_256|output,1,0.4757,1.4666,0.382,1.8243,26,OnlookerBee,3,4
131,input|sep3x3_128|sep5x5_64|sc_1|sep3x3_64|sc_1|sep5x5_256|output,2,0.6326,1.0514,0.5868,1.1656,26,OnlookerBee,3,4
132,input|sep3x3_128|sep5x5_64|sc_1|sep3x3_64|sc_1|sep5x5_256|output,3,0.6778,0.975,0.6929,0.8889,26,OnlookerBee,3,4
133,input|sep3x3_128|sep5x5_64|sc_1|sep3x3_64|sc_1|sep5x5_256|output,4,0.7056,0.9253,0.7707,0.6648,26,OnlookerBee,3,4
134,input|sep3x3_128|sep5x5_64|sc_1|sep3x3_64|sc_1|sep5x5_256|output,5,0.6693,1.123,0.8394,0.4654,26,OnlookerBee,3,4
135,input|sep3x3_256|sc_3|sep5x5_128|sep5x5_128|sep3x3_128|output,1,0.5754,1.2013,0.4882,1.6693,27,EmployeeBee,0,5
136,input|sep3x3_256|sc_3|sep5x5_128|sep5x5_128|sep3x3_128|output,2,0.6512,1.0144,0.7158,0.824,27,EmployeeBee,0,5
137,input|sep3x3_256|sc_3|sep5x5_128|sep5x5_128|sep3x3_128|output,3,0.6759,1.002,0.8817,0.3543,27,EmployeeBee,0,5
138,input|sep3x3_256|sc_3|sep5x5_128|sep5x5_128|sep3x3_128|output,4,0.6547,1.7703,0.9526,0.1456,27,EmployeeBee,0,5
139,input|sep3x3_256|sc_3|sep5x5_128|sep5x5_128|sep3x3_128|output,5,0.67,1.8689,0.9625,0.1179,27,EmployeeBee,0,5
140,input|batch_norm|sep5x5_128|sc_1|sep5x5_64|sep5x5_256|output,1,0.527,1.3624,0.4767,1.4936,28,EmployeeBee,1,5
141,input|batch_norm|sep5x5_128|sc_1|sep5x5_64|sep5x5_256|output,2,0.6393,1.0599,0.6745,0.9354,28,EmployeeBee,1,5
142,input|batch_norm|sep5x5_128|sc_1|sep5x5_64|sep5x5_256|output,3,0.6881,0.9521,0.803,0.575,28,EmployeeBee,1,5
143,input|batch_norm|sep5x5_128|sc_1|sep5x5_64|sep5x5_256|output,4,0.7,1.0515,0.9025,0.2856,28,EmployeeBee,1,5
144,input|batch_norm|sep5x5_128|sc_1|sep5x5_64|sep5x5_256|output,5,0.693,1.7484,0.9459,0.166,28,EmployeeBee,1,5
145,input|sep3x3_128|batch_norm|dropout|sep5x5_64|output,1,0.3222,2.1729,0.4426,1.7551,29,EmployeeBee,2,5
146,input|sep3x3_128|batch_norm|dropout|sep5x5_64|output,2,0.6638,0.9588,0.6311,1.0436,29,EmployeeBee,2,5
147,input|sep3x3_128|batch_norm|dropout|sep5x5_64|output,3,0.6625,1.0328,0.7017,0.8479,29,EmployeeBee,2,5
148,input|sep3x3_128|batch_norm|dropout|sep5x5_64|output,4,0.7082,0.8403,0.7526,0.7165,29,EmployeeBee,2,5
149,input|sep3x3_128|batch_norm|dropout|sep5x5_64|output,5,0.6905,0.9334,0.7911,0.6012,29,EmployeeBee,2,5
150,input|batch_norm|batch_norm|dropout|sep5x5_64|output,1,0.513,1.3632,0.3926,2.0791,30,OnlookerBee,0,5
151,input|batch_norm|batch_norm|dropout|sep5x5_64|output,2,0.5777,1.1906,0.554,1.2476,30,OnlookerBee,0,5
152,input|batch_norm|batch_norm|dropout|sep5x5_64|output,3,0.6467,1.0147,0.6189,1.0746,30,OnlookerBee,0,5
153,input|batch_norm|batch_norm|dropout|sep5x5_64|output,4,0.6653,0.9655,0.6664,0.9464,30,OnlookerBee,0,5
154,input|batch_norm|batch_norm|dropout|sep5x5_64|output,5,0.6879,0.8898,0.7002,0.8504,30,OnlookerBee,0,5
155,input|sep3x3_128|sep5x5_128|sc_1|sep5x5_64|sep5x5_256|output,1,0.4267,1.5765,0.3765,1.7179,31,OnlookerBee,1,5
156,input|sep3x3_128|sep5x5_128|sc_1|sep5x5_64|sep5x5_256|output,2,0.6271,1.0575,0.5728,1.2092,31,OnlookerBee,1,5
157,input|sep3x3_128|sep5x5_128|sc_1|sep5x5_64|sep5x5_256|output,3,0.6598,0.9891,0.681,0.9215,31,OnlookerBee,1,5
158,input|sep3x3_128|sep5x5_128|sc_1|sep5x5_64|sep5x5_256|output,4,0.7118,0.8982,0.7607,0.6913,31,OnlookerBee,1,5
159,input|sep3x3_128|sep5x5_128|sc_1|sep5x5_64|sep5x5_256|output,5,0.7203,0.8804,0.832,0.4877,31,OnlookerBee,1,5
160,input|sep3x3_128|batch_norm|avg_pool3x3|sep5x5_64|output,1,0.3693,2.0715,0.4971,1.5028,32,OnlookerBee,2,5
161,input|sep3x3_128|batch_norm|avg_pool3x3|sep5x5_64|output,2,0.6981,0.872,0.6848,0.9024,32,OnlookerBee,2,5
162,input|sep3x3_128|batch_norm|avg_pool3x3|sep5x5_64|output,3,0.7019,0.9242,0.7628,0.6792,32,OnlookerBee,2,5
163,input|sep3x3_128|batch_norm|avg_pool3x3|sep5x5_64|output,4,0.7255,0.8828,0.8314,0.4822,32,OnlookerBee,2,5
164,input|sep3x3_128|batch_norm|avg_pool3x3|sep5x5_64|output,5,0.7214,0.9442,0.8828,0.343,32,OnlookerBee,2,5
165,input|sep5x5_128|batch_norm|avg_pool3x3|sep5x5_64|output,1,0.412,2.0308,0.4685,1.5957,33,OnlookerBee,3,5
166,input|sep5x5_128|batch_norm|avg_pool3x3|sep5x5_64|output,2,0.6316,1.0596,0.6469,1.0054,33,OnlookerBee,3,5
167,input|sep5x5_128|batch_norm|avg_pool3x3|sep5x5_64|output,3,0.6621,1.0338,0.7309,0.7712,33,OnlookerBee,3,5
168,input|sep5x5_128|batch_norm|avg_pool3x3|sep5x5_64|output,4,0.7092,0.8809,0.7974,0.582,33,OnlookerBee,3,5
169,input|sep5x5_128|batch_norm|avg_pool3x3|sep5x5_64|output,5,0.6994,1.0277,0.8531,0.4251,33,OnlookerBee,3,5
170,input|sep5x5_128|sc_3|batch_norm|sep5x5_128|sep3x3_128|output,1,0.5685,1.221,0.4811,1.6408,34,EmployeeBee,0,6
171,input|sep5x5_128|sc_3|batch_norm|sep5x5_128|sep3x3_128|output,2,0.6221,1.1189,0.6951,0.8788,34,EmployeeBee,0,6
172,input|sep5x5_128|sc_3|batch_norm|sep5x5_128|sep3x3_128|output,3,0.6587,1.2714,0.8593,0.4161,34,EmployeeBee,0,6
173,input|sep5x5_128|sc_3|batch_norm|sep5x5_128|sep3x3_128|output,4,0.6107,1.9278,0.9405,0.1795,34,EmployeeBee,0,6
174,input|sep5x5_128|sc_3|batch_norm|sep5x5_128|sep3x3_128|output,5,0.6653,1.5065,0.9574,0.1342,34,EmployeeBee,0,6
175,input|sep3x3_128|sep5x5_128|sc_1|sep5x5_64|batch_norm|output,1,0.3048,2.2288,0.5356,1.3597,35,EmployeeBee,1,6
176,input|sep3x3_128|sep5x5_128|sc_1|sep5x5_64|batch_norm|output,2,0.2827,12.4793,0.7304,0.7773,35,EmployeeBee,1,6
177,input|sep3x3_128|sep5x5_128|sc_1|sep5x5_64|batch_norm|output,3,0.1348,62.9721,0.872,0.3769,35,EmployeeBee,1,6
178,input|sep3x3_128|sep5x5_128|sc_1|sep5x5_64|batch_norm|output,4,0.1265,105.7926,0.9323,0.2042,35,EmployeeBee,1,6
179,input|sep3x3_128|sep5x5_128|sc_1|sep5x5_64|batch_norm|output,5,0.3512,20.8567,0.9475,0.1629,35,EmployeeBee,1,6
180,input|sep3x3_128|batch_norm|sep5x5_64|sep5x5_64|output,1,0.4989,1.5194,0.4785,1.4487,36,EmployeeBee,2,6
181,input|sep3x3_128|batch_norm|sep5x5_64|sep5x5_64|output,2,0.6568,0.9636,0.6591,0.9695,36,EmployeeBee,2,6
182,input|sep3x3_128|batch_norm|sep5x5_64|sep5x5_64|output,3,0.6994,0.888,0.7529,0.7131,36,EmployeeBee,2,6
183,input|sep3x3_128|batch_norm|sep5x5_64|sep5x5_64|output,4,0.6723,0.9927,0.83,0.4915,36,EmployeeBee,2,6
184,input|sep3x3_128|batch_norm|sep5x5_64|sep5x5_64|output,5,0.7004,1.1332,0.8902,0.3187,36,EmployeeBee,2,6
185,input|sep5x5_64|batch_norm|avg_pool3x3|sep5x5_64|output,1,0.4432,1.7659,0.4764,1.5761,37,OnlookerBee,0,6
186,input|sep5x5_64|batch_norm|avg_pool3x3|sep5x5_64|output,2,0.6454,1.0294,0.6571,0.9782,37,OnlookerBee,0,6
187,input|sep5x5_64|batch_norm|avg_pool3x3|sep5x5_64|output,3,0.6903,0.9197,0.7415,0.7365,37,OnlookerBee,0,6
188,input|sep5x5_64|batch_norm|avg_pool3x3|sep5x5_64|output,4,0.7199,0.887,0.811,0.5451,37,OnlookerBee,0,6
189,input|sep5x5_64|batch_norm|avg_pool3x3|sep5x5_64|output,5,0.713,1.0405,0.8668,0.3824,37,OnlookerBee,0,6
190,input|sep3x3_128|batch_norm|avg_pool3x3|sep3x3_256|output,1,0.1885,2.2456,0.5161,1.5963,38,OnlookerBee,1,6
191,input|sep3x3_128|batch_norm|avg_pool3x3|sep3x3_256|output,2,0.667,0.9838,0.7192,0.8136,38,OnlookerBee,1,6
192,input|sep3x3_128|batch_norm|avg_pool3x3|sep3x3_256|output,3,0.7237,0.8672,0.8315,0.4945,38,OnlookerBee,1,6
193,input|sep3x3_128|batch_norm|avg_pool3x3|sep3x3_256|output,4,0.717,1.0617,0.9119,0.2583,38,OnlookerBee,1,6
194,input|sep3x3_128|batch_norm|avg_pool3x3|sep3x3_256|output,5,0.7359,1.2808,0.9484,0.153,38,OnlookerBee,1,6
195,input|sep5x5_64|batch_norm|avg_pool3x3|sep3x3_256|output,1,0.3037,2.034,0.4975,1.9496,39,OnlookerBee,2,6
196,input|sep5x5_64|batch_norm|avg_pool3x3|sep3x3_256|output,2,0.6914,0.8899,0.7021,0.8543,39,OnlookerBee,2,6
197,input|sep5x5_64|batch_norm|avg_pool3x3|sep3x3_256|output,3,0.6851,0.9755,0.8134,0.5455,39,OnlookerBee,2,6
198,input|sep5x5_64|batch_norm|avg_pool3x3|sep3x3_256|output,4,0.7303,0.9627,0.9001,0.2956,39,OnlookerBee,2,6
199,input|sep5x5_64|batch_norm|avg_pool3x3|sep3x3_256|output,5,0.7232,1.2109,0.9422,0.1758,39,OnlookerBee,2,6
200,input|sep3x3_128|dropout|sc_1|sep5x5_64|sep5x5_256|output,1,0.5381,1.321,0.4166,1.6306,40,OnlookerBee,3,6
201,input|sep3x3_128|dropout|sc_1|sep5x5_64|sep5x5_256|output,2,0.6443,1.0275,0.6146,1.0958,40,OnlookerBee,3,6
202,input|sep3x3_128|dropout|sc_1|sep5x5_64|sep5x5_256|output,3,0.6989,0.8669,0.7119,0.8297,40,OnlookerBee,3,6
203,input|sep3x3_128|dropout|sc_1|sep5x5_64|sep5x5_256|output,4,0.6936,0.9226,0.7904,0.6084,40,OnlookerBee,3,6
204,input|sep3x3_128|dropout|sc_1|sep5x5_64|sep5x5_256|output,5,0.7175,0.8721,0.8534,0.4273,40,OnlookerBee,3,6
205,input|sep3x3_256|sc_2|batch_norm|sep5x5_128|sep3x3_128|output,1,0.567,1.4228,0.4962,1.4123,41,EmployeeBee,0,7
206,input|sep3x3_256|sc_2|batch_norm|sep5x5_128|sep3x3_128|output,2,0.6777,0.9513,0.6954,0.8738,41,EmployeeBee,0,7
207,input|sep3x3_256|sc_2|batch_norm|sep5x5_128|sep3x3_128|output,3,0.7176,0.8598,0.8009,0.575,41,EmployeeBee,0,7
208,input|sep3x3_256|sc_2|batch_norm|sep5x5_128|sep3x3_128|output,4,0.6949,1.1517,0.8854,0.3346,41,EmployeeBee,0,7
209,input|sep3x3_256|sc_2|batch_norm|sep5x5_128|sep3x3_128|output,5,0.7038,0.9466,0.9327,0.2053,41,EmployeeBee,0,7
210,input|sep3x3_128|sep3x3_64|sc_1|sep5x5_64|sep5x5_256|output,1,0.4746,1.5398,0.3977,1.6639,42,EmployeeBee,1,7
211,input|sep3x3_128|sep3x3_64|sc_1|sep5x5_64|sep5x5_256|output,2,0.5893,1.1433,0.6014,1.1316,42,EmployeeBee,1,7
212,input|sep3x3_128|sep3x3_64|sc_1|sep5x5_64|sep5x5_256|output,3,0.675,0.9393,0.7197,0.8143,42,EmployeeBee,1,7
213,input|sep3x3_128|sep3x3_64|sc_1|sep5x5_64|sep5x5_256|output,4,0.7014,1.0259,0.8139,0.5437,42,EmployeeBee,1,7
214,input|sep3x3_128|sep3x3_64|sc_1|sep5x5_64|sep5x5_256|output,5,0.7078,1.163,0.8927,0.3135,42,EmployeeBee,1,7
215,input|sep5x5_256|max_pool3x3|avg_pool3x3|sep5x5_64|output,1,0.5547,1.2603,0.4385,1.5615,43,EmployeeBee,2,7
216,input|sep5x5_256|max_pool3x3|avg_pool3x3|sep5x5_64|output,2,0.6431,1.0314,0.6242,1.0687,43,EmployeeBee,2,7
217,input|sep5x5_256|max_pool3x3|avg_pool3x3|sep5x5_64|output,3,0.702,0.8596,0.7101,0.8313,43,EmployeeBee,2,7
218,input|sep5x5_256|max_pool3x3|avg_pool3x3|sep5x5_64|output,4,0.6807,0.9502,0.7728,0.6568,43,EmployeeBee,2,7
219,input|sep5x5_256|max_pool3x3|avg_pool3x3|sep5x5_64|output,5,0.7057,0.9493,0.8228,0.5113,43,EmployeeBee,2,7
220,input|sep5x5_256|max_pool3x3|sep3x3_256|sep5x5_64|output,1,0.5223,1.3107,0.3852,1.6782,44,OnlookerBee,0,7
221,input|sep5x5_256|max_pool3x3|sep3x3_256|sep5x5_64|output,2,0.6237,1.0615,0.5708,1.2024,44,OnlookerBee,0,7
222,input|sep5x5_256|max_pool3x3|sep3x3_256|sep5x5_64|output,3,0.6631,0.9666,0.664,0.95,44,OnlookerBee,0,7
223,input|sep5x5_256|max_pool3x3|sep3x3_256|sep5x5_64|output,4,0.6975,0.8855,0.7298,0.7732,44,OnlookerBee,0,7
224,input|sep5x5_256|max_pool3x3|sep3x3_256|sep5x5_64|output,5,0.7202,0.8552,0.783,0.6228,44,OnlookerBee,0,7
225,input|sep3x3_256|batch_norm|sep5x5_128|sep3x3_128|output,1,0.4205,1.6664,0.4905,1.4078,45,OnlookerBee,1,7
226,input|sep3x3_256|batch_norm|sep5x5_128|sep3x3_128|output,2,0.6912,0.9034,0.6866,0.8946,45,OnlookerBee,1,7
227,input|sep3x3_256|batch_norm|sep5x5_128|sep3x3_128|output,3,0.724,0.8029,0.7798,0.6339,45,OnlookerBee,1,7
228,input|sep3x3_256|batch_norm|sep5x5_128|sep3x3_128|output,4,0.7052,1.0358,0.8551,0.4182,45,OnlookerBee,1,7
229,input|sep3x3_256|batch_norm|sep5x5_128|sep3x3_128|output,5,0.7238,1.3008,0.9082,0.2677,45,OnlookerBee,1,7
230,input|sep3x3_128|sep5x5_128|sc_1|sep5x5_64|sep5x5_64|output,1,0.4972,1.3812,0.3822,1.6929,46,OnlookerBee,2,7
231,input|sep3x3_128|sep5x5_128|sc_1|sep5x5_64|sep5x5_64|output,2,0.6215,1.0641,0.5605,1.2382,46,OnlookerBee,2,7
232,input|sep3x3_128|sep5x5_128|sc_1|sep5x5_64|sep5x5_64|output,3,0.5792,1.1844,0.6557,0.9797,46,OnlookerBee,2,7
233,input|sep3x3_128|sep5x5_128|sc_1|sep5x5_64|sep5x5_64|output,4,0.6575,0.9921,0.7251,0.7894,46,OnlookerBee,2,7
234,input|sep3x3_128|sep5x5_128|sc_1|sep5x5_64|sep5x5_64|output,5,0.6996,0.9229,0.7861,0.6074,46,OnlookerBee,2,7
235,input|sep3x3_256|batch_norm|sep5x5_128|dropout|output,1,0.1934,2.2517,0.4751,1.6063,47,OnlookerBee,3,7
236,input|sep3x3_256|batch_norm|sep5x5_128|dropout|output,2,0.6679,0.9642,0.6688,0.9525,47,OnlookerBee,3,7
237,input|sep3x3_256|batch_norm|sep5x5_128|dropout|output,3,0.6772,0.9732,0.7455,0.7346,47,OnlookerBee,3,7
238,input|sep3x3_256|batch_norm|sep5x5_128|dropout|output,4,0.7295,0.85,0.8005,0.5767,47,OnlookerBee,3,7
239,input|sep3x3_256|batch_norm|sep5x5_128|dropout|output,5,0.7206,1.0333,0.8424,0.4603,47,OnlookerBee,3,7
240,input|dropout|sep5x5_256|sep3x3_128|sep5x5_256|output,1,0.4417,1.556,0.3299,1.8088,48,EmployeeBee,0,8
241,input|dropout|sep5x5_256|sep3x3_128|sep5x5_256|output,2,0.5706,1.2149,0.5259,1.3315,48,EmployeeBee,0,8
242,input|dropout|sep5x5_256|sep3x3_128|sep5x5_256|output,3,0.6192,1.1267,0.618,1.0854,48,EmployeeBee,0,8
243,input|dropout|sep5x5_256|sep3x3_128|sep5x5_256|output,4,0.6664,1.0011,0.6826,0.9075,48,EmployeeBee,0,8
244,input|dropout|sep5x5_256|sep3x3_128|sep5x5_256|output,5,0.6796,0.9469,0.7368,0.7605,48,EmployeeBee,0,8
245,input|sep5x5_256|sc_3|sep5x5_256|sc_1|dropout|sep5x5_128|output,1,0.5866,1.1807,0.4711,1.7574,49,EmployeeBee,1,8
246,input|sep5x5_256|sc_3|sep5x5_256|sc_1|dropout|sep5x5_128|output,2,0.6534,1.0116,0.6901,0.8962,49,EmployeeBee,1,8
247,input|sep5x5_256|sc_3|sep5x5_256|sc_1|dropout|sep5x5_128|output,3,0.6497,1.1722,0.8596,0.4158,49,EmployeeBee,1,8
248,input|sep5x5_256|sc_3|sep5x5_256|sc_1|dropout|sep5x5_128|output,4,0.6776,1.4486,0.9422,0.1745,49,EmployeeBee,1,8
249,input|sep5x5_256|sc_3|sep5x5_256|sc_1|dropout|sep5x5_128|output,5,0.6428,2.2747,0.9601,0.1285,49,EmployeeBee,1,8
250,input|sep5x5_256|max_pool3x3|sep3x3_256|batch_norm|output,1,0.4021,1.8823,0.5208,1.453,50,EmployeeBee,2,8
251,input|sep5x5_256|max_pool3x3|sep3x3_256|batch_norm|output,2,0.6448,1.0346,0.689,0.902,50,EmployeeBee,2,8
252,input|sep5x5_256|max_pool3x3|sep3x3_256|batch_norm|output,3,0.645,1.2167,0.7722,0.6673,50,EmployeeBee,2,8
253,input|sep5x5_256|max_pool3x3|sep3x3_256|batch_norm|output,4,0.6477,1.9742,0.8407,0.4769,50,EmployeeBee,2,8
254,input|sep5x5_256|max_pool3x3|sep3x3_256|batch_norm|output,5,0.6901,1.4752,0.8853,0.362,50,EmployeeBee,2,8
255,input|sep5x5_256|sc_3|sep5x5_64|sc_1|dropout|sep5x5_128|output,1,0.5909,1.1481,0.4734,1.7081,51,OnlookerBee,0,8
256,input|sep5x5_256|sc_3|sep5x5_64|sc_1|dropout|sep5x5_128|output,2,0.6487,1.0175,0.687,0.9037,51,OnlookerBee,0,8
257,input|sep5x5_256|sc_3|sep5x5_64|sc_1|dropout|sep5x5_128|output,3,0.6437,1.1917,0.8506,0.4406,51,OnlookerBee,0,8
258,input|sep5x5_256|sc_3|sep5x5_64|sc_1|dropout|sep5x5_128|output,4,0.6335,1.5951,0.9367,0.1953,51,OnlookerBee,0,8
259,input|sep5x5_256|sc_3|sep5x5_64|sc_1|dropout|sep5x5_128|output,5,0.6497,1.7249,0.9587,0.1333,51,OnlookerBee,0,8
260,input|sep5x5_64|sc_3|sep5x5_64|sc_1|dropout|sep5x5_128|output,1,0.552,1.2693,0.4874,1.5949,52,OnlookerBee,1,8
261,input|sep5x5_64|sc_3|sep5x5_64|sc_1|dropout|sep5x5_128|output,2,0.6349,1.1122,0.7145,0.8323,52,OnlookerBee,1,8
262,input|sep5x5_64|sc_3|sep5x5_64|sc_1|dropout|sep5x5_128|output,3,0.6481,1.1531,0.879,0.36,52,OnlookerBee,1,8
263,input|sep5x5_64|sc_3|sep5x5_64|sc_1|dropout|sep5x5_128|output,4,0.6602,1.6943,0.9458,0.1703,52,OnlookerBee,1,8
264,input|sep5x5_64|sc_3|sep5x5_64|sc_1|dropout|sep5x5_128|output,5,0.6733,1.8288,0.9598,0.1294,52,OnlookerBee,1,8
265,input|sep5x5_256|max_pool3x3|sep3x3_256|dropout|output,1,0.5827,1.1654,0.4497,1.5519,53,OnlookerBee,2,8
266,input|sep5x5_256|max_pool3x3|sep3x3_256|dropout|output,2,0.6548,1.0078,0.6311,1.0506,53,OnlookerBee,2,8
267,input|sep5x5_256|max_pool3x3|sep3x3_256|dropout|output,3,0.672,0.9567,0.7175,0.8166,53,OnlookerBee,2,8
268,input|sep5x5_256|max_pool3x3|sep3x3_256|dropout|output,4,0.7222,0.8124,0.776,0.6443,53,OnlookerBee,2,8
269,input|sep5x5_256|max_pool3x3|sep3x3_256|dropout|output,5,0.7037,1.0081,0.8262,0.5111,53,OnlookerBee,2,8
270,input|dropout|sep5x5_256|sep3x3_128|sep3x3_256|output,1,0.3934,1.7315,0.3405,1.7961,54,OnlookerBee,3,8
271,input|dropout|sep5x5_256|sep3x3_128|sep3x3_256|output,2,0.5453,1.248,0.526,1.3268,54,OnlookerBee,3,8
272,input|dropout|sep5x5_256|sep3x3_128|sep3x3_256|output,3,0.6351,1.0664,0.6166,1.0874,54,OnlookerBee,3,8
273,input|dropout|sep5x5_256|sep3x3_128|sep3x3_256|output,4,0.6851,0.9218,0.684,0.9003,54,OnlookerBee,3,8
274,input|dropout|sep5x5_256|sep3x3_128|sep3x3_256|output,5,0.6685,1.1757,0.7426,0.7446,54,OnlookerBee,3,8
275,input|dropout|sep5x5_256|sep3x3_128|batch_norm|output,1,0.4893,1.6895,0.4919,1.4481,55,EmployeeBee,0,9
276,input|dropout|sep5x5_256|sep3x3_128|batch_norm|output,2,0.5867,1.3597,0.6378,1.0342,55,EmployeeBee,0,9
277,input|dropout|sep5x5_256|sep3x3_128|batch_norm|output,3,0.6461,2.4072,0.7086,0.838,55,EmployeeBee,0,9
278,input|dropout|sep5x5_256|sep3x3_128|batch_norm|output,4,0.5592,7.7378,0.7616,0.6967,55,EmployeeBee,0,9
279,input|dropout|sep5x5_256|sep3x3_128|batch_norm|output,5,0.5707,3.3021,0.8035,0.5813,55,EmployeeBee,0,9
280,input|max_pool3x3|sc_3|sep5x5_64|sc_1|dropout|sep5x5_128|output,1,0.4334,1.591,0.3076,6.6695,56,EmployeeBee,1,9
281,input|max_pool3x3|sc_3|sep5x5_64|sc_1|dropout|sep5x5_128|output,2,0.5552,1.3308,0.5153,1.4236,56,EmployeeBee,1,9
282,input|max_pool3x3|sc_3|sep5x5_64|sc_1|dropout|sep5x5_128|output,3,0.5966,1.2367,0.6156,1.1458,56,EmployeeBee,1,9
283,input|max_pool3x3|sc_3|sep5x5_64|sc_1|dropout|sep5x5_128|output,4,0.6389,1.0981,0.6718,0.9938,56,EmployeeBee,1,9
284,input|max_pool3x3|sc_3|sep5x5_64|sc_1|dropout|sep5x5_128|output,5,0.6613,1.0809,0.7163,0.863,56,EmployeeBee,1,9
285,input|sep5x5_256|max_pool3x3|sep3x3_256|sep3x3_64|output,1,0.4862,1.3929,0.3761,1.6945,57,EmployeeBee,2,9
286,input|sep5x5_256|max_pool3x3|sep3x3_256|sep3x3_64|output,2,0.5991,1.1613,0.5426,1.2719,57,EmployeeBee,2,9
287,input|sep5x5_256|max_pool3x3|sep3x3_256|sep3x3_64|output,3,0.6612,0.9712,0.6299,1.0466,57,EmployeeBee,2,9
288,input|sep5x5_256|max_pool3x3|sep3x3_256|sep3x3_64|output,4,0.6851,0.9107,0.6949,0.8685,57,EmployeeBee,2,9
289,input|sep5x5_256|max_pool3x3|sep3x3_256|sep3x3_64|output,5,0.703,0.8739,0.7474,0.7251,57,EmployeeBee,2,9
290,input|dropout|sep5x5_256|sep5x5_256|sep5x5_256|output,1,0.3971,1.7463,0.3465,1.7756,58,OnlookerBee,0,9
291,input|dropout|sep5x5_256|sep5x5_256|sep5x5_256|output,2,0.5857,1.1654,0.5277,1.3227,58,OnlookerBee,0,9
292,input|dropout|sep5x5_256|sep5x5_256|sep5x5_256|output,3,0.6616,0.9669,0.6184,1.0854,58,OnlookerBee,0,9
293,input|dropout|sep5x5_256|sep5x5_256|sep5x5_256|output,4,0.6886,0.9832,0.681,0.9154,58,OnlookerBee,0,9
294,input|dropout|sep5x5_256|sep5x5_256|sep5x5_256|output,5,0.6726,1.1027,0.7333,0.7687,58,OnlookerBee,0,9
295,input|sep5x5_64|sc_3|sep5x5_64|dropout|sep5x5_128|output,1,0.5768,1.1994,0.4795,1.7177,59,OnlookerBee,1,9
296,input|sep5x5_64|sc_3|sep5x5_64|dropout|sep5x5_128|output,2,0.6517,0.9987,0.7013,0.8665,59,OnlookerBee,1,9
297,input|sep5x5_64|sc_3|sep5x5_64|dropout|sep5x5_128|output,3,0.649,1.2968,0.8654,0.3974,59,OnlookerBee,1,9
298,input|sep5x5_64|sc_3|sep5x5_64|dropout|sep5x5_128|output,4,0.6621,1.5072,0.9403,0.1815,59,OnlookerBee,1,9
299,input|sep5x5_64|sc_3|sep5x5_64|dropout|sep5x5_128|output,5,0.6482,1.7302,0.9584,0.1324,59,OnlookerBee,1,9
300,input|sep5x5_64|max_pool3x3|sep3x3_256|sep5x5_64|output,1,0.498,1.3798,0.4223,1.593,60,OnlookerBee,2,9
301,input|sep5x5_64|max_pool3x3|sep3x3_256|sep5x5_64|output,2,0.6631,0.9598,0.6137,1.0907,60,OnlookerBee,2,9
302,input|sep5x5_64|max_pool3x3|sep3x3_256|sep5x5_64|output,3,0.7025,0.8644,0.7081,0.8369,60,OnlookerBee,2,9
303,input|sep5x5_64|max_pool3x3|sep3x3_256|sep5x5_64|output,4,0.7081,0.8452,0.7711,0.6585,60,OnlookerBee,2,9
304,input|sep5x5_64|max_pool3x3|sep3x3_256|sep5x5_64|output,5,0.7318,0.825,0.823,0.5099,60,OnlookerBee,2,9
305,input|sep5x5_64|sc_3|sep5x5_64|sc_1|max_pool3x3|sep5x5_128|output,1,0.5379,1.3105,0.4736,1.8052,61,OnlookerBee,3,9
306,input|sep5x5_64|sc_3|sep5x5_64|sc_1|max_pool3x3|sep5x5_128|output,2,0.6156,1.1189,0.6904,0.893,61,OnlookerBee,3,9
307,input|sep5x5_64|sc_3|sep5x5_64|sc_1|max_pool3x3|sep5x5_128|output,3,0.6309,1.3974,0.8561,0.4223,61,OnlookerBee,3,9
308,input|sep5x5_64|sc_3|sep5x5_64|sc_1|max_pool3x3|sep5x5_128|output,4,0.6076,1.866,0.9387,0.192,61,OnlookerBee,3,9
309,input|sep5x5_64|sc_3|sep5x5_64|sc_1|max_pool3x3|sep5x5_128|output,5,0.6431,1.5133,0.9578,0.1373,61,OnlookerBee,3,9
310,input|dropout|sep3x3_64|batch_norm|max_pool3x3|output,1,0.2294,2.6138,0.1567,11.0481,62,EmployeeBee,1,10
311,input|dropout|sep3x3_64|batch_norm|max_pool3x3|output,2,0.2677,2.2308,0.1944,2.1886,62,EmployeeBee,1,10
312,input|dropout|sep3x3_64|batch_norm|max_pool3x3|output,3,0.3307,2.1461,0.2984,1.9492,62,EmployeeBee,1,10
313,input|dropout|sep3x3_64|batch_norm|max_pool3x3|output,4,0.4803,1.527,0.4087,1.6643,62,EmployeeBee,1,10
314,input|dropout|sep3x3_64|batch_norm|max_pool3x3|output,5,0.5141,1.3414,0.4839,1.4579,62,EmployeeBee,1,10
315,input|sep5x5_64|avg_pool3x3|max_pool3x3|sep3x3_256|output,1,0.606,1.1169,0.4518,1.5624,63,EmployeeBee,2,10
316,input|sep5x5_64|avg_pool3x3|max_pool3x3|sep3x3_256|output,2,0.6509,1.0077,0.6452,1.0089,63,EmployeeBee,2,10
317,input|sep5x5_64|avg_pool3x3|max_pool3x3|sep3x3_256|output,3,0.6935,0.9537,0.7515,0.7217,63,EmployeeBee,2,10
318,input|sep5x5_64|avg_pool3x3|max_pool3x3|sep3x3_256|output,4,0.7191,0.8873,0.8351,0.4823,63,EmployeeBee,2,10
319,input|sep5x5_64|avg_pool3x3|max_pool3x3|sep3x3_256|output,5,0.7148,1.0957,0.8989,0.2976,63,EmployeeBee,2,10
320,input|dropout|sep5x5_64|batch_norm|max_pool3x3|output,1,0.3075,2.0204,0.198,11.9052,64,OnlookerBee,0,10
321,input|dropout|sep5x5_64|batch_norm|max_pool3x3|output,2,0.4471,1.636,0.3251,1.8837,64,OnlookerBee,0,10
322,input|dropout|sep5x5_64|batch_norm|max_pool3x3|output,3,0.5358,1.3209,0.435,1.5878,64,OnlookerBee,0,10
323,input|dropout|sep5x5_64|batch_norm|max_pool3x3|output,4,0.5873,1.224,0.5081,1.3959,64,OnlookerBee,0,10
324,input|dropout|sep5x5_64|batch_norm|max_pool3x3|output,5,0.6021,1.1912,0.5658,1.2371,64,OnlookerBee,0,10
325,input|sep5x5_256|avg_pool3x3|max_pool3x3|sep3x3_256|output,1,0.5504,1.23,0.4445,1.5676,65,OnlookerBee,1,10
326,input|sep5x5_256|avg_pool3x3|max_pool3x3|sep3x3_256|output,2,0.6266,1.0379,0.6212,1.0805,65,OnlookerBee,1,10
327,input|sep5x5_256|avg_pool3x3|max_pool3x3|sep3x3_256|output,3,0.6641,0.9712,0.7079,0.8325,65,OnlookerBee,1,10
328,input|sep5x5_256|avg_pool3x3|max_pool3x3|sep3x3_256|output,4,0.6666,1.0323,0.7831,0.6241,65,OnlookerBee,1,10
329,input|sep5x5_256|avg_pool3x3|max_pool3x3|sep3x3_256|output,5,0.7077,0.966,0.8443,0.4562,65,OnlookerBee,1,10
330,input|sep5x5_64|avg_pool3x3|sep3x3_64|sep3x3_256|output,1,0.4825,1.4326,0.3764,1.7059,66,OnlookerBee,2,10
331,input|sep5x5_64|avg_pool3x3|sep3x3_64|sep3x3_256|output,2,0.599,1.1456,0.5706,1.2053,66,OnlookerBee,2,10
332,input|sep5x5_64|avg_pool3x3|sep3x3_64|sep3x3_256|output,3,0.6627,0.9593,0.671,0.9429,66,OnlookerBee,2,10
333,input|sep5x5_64|avg_pool3x3|sep3x3_64|sep3x3_256|output,4,0.6724,1.0003,0.7452,0.7292,66,OnlookerBee,2,10
334,input|sep5x5_64|avg_pool3x3|sep3x3_64|sep3x3_256|output,5,0.7172,0.9356,0.8152,0.5342,66,OnlookerBee,2,10
335,input|dropout|sep3x3_64|batch_norm|max_pool3x3|output,1,0.2425,2.6276,0.1592,10.6387,67,OnlookerBee,3,10
336,input|dropout|sep3x3_64|batch_norm|max_pool3x3|output,2,0.3174,2.2115,0.2247,2.1126,67,OnlookerBee,3,10
337,input|dropout|sep3x3_64|batch_norm|max_pool3x3|output,3,0.3753,1.8933,0.3386,1.8493,67,OnlookerBee,3,10
338,input|dropout|sep3x3_64|batch_norm|max_pool3x3|output,4,0.4808,1.4783,0.4142,1.622,67,OnlookerBee,3,10
339,input|dropout|sep3x3_64|batch_norm|max_pool3x3|output,5,0.5339,1.3213,0.4787,1.444,67,OnlookerBee,3,10
